<?xml version="1.0" encoding="UTF-8"?>
<!DOCTYPE mapper
        PUBLIC "-//mybatis.org//DTD Mapper 3.0//EN"
        "http://mybatis.org/dtd/mybatis-3-mapper.dtd">
<mapper namespace="com.example.petmanagement.mapper.PetMapper">

    <!-- 查询所有宠物 -->
    <select id="findAll" resultType="com.example.petmanagement.entity.Pet">
        SELECT * FROM pet
    </select>

    <!-- 根据ID查询宠物 -->
    <select id="findById" parameterType="int" resultType="com.example.petmanagement.entity.Pet">
        SELECT * FROM pet WHERE id = #{id}
    </select>

    <!-- 根据条件动态查询宠物 -->
    <select id="findByCondition" parameterType="map" resultType="com.example.petmanagement.entity.Pet">
        SELECT * FROM pet
        <where>
            <if test="name != null and name != ''">
                AND name LIKE CONCAT('%', #{name}, '%')
            </if>
            <if test="type != null and type != ''">
                AND type = #{type}
            </if>
            <if test="ownerId != null">
                AND owner_id = #{ownerId}
            </if>
        </where>
    </select>

    <!-- 添加宠物 -->
    <insert id="insert" parameterType="com.example.petmanagement.entity.Pet">
        INSERT INTO pet(name, type, age, owner_id)
        VALUES (#{name}, #{type}, #{age}, #{ownerId})
    </insert>

    <!-- 更新宠物 -->
    <update id="update" parameterType="com.example.petmanagement.entity.Pet">
        UPDATE pet
        <set>
            <if test="name != null">name = #{name},</if>
            <if test="type != null">type = #{type},</if>
            <if test="age != null">age = #{age},</if>
            <if test="ownerId != null">owner_id = #{ownerId}</if>
        </set>
        WHERE id = #{id}
    </update>

    <!-- 删除宠物 -->
    <delete id="delete" parameterType="int">
        DELETE FROM pet WHERE id = #{id}
    </delete>
</mapper>    